iteration,reward_mean,length_mean,games,loss
500,-1.0,2.0,9,0.030627761
1000,-1.0,2.0,11,0.04202077
1500,-0.89,2.11,9,0.023635255
2000,-1.0,2.0,10,0.027721597
